             Time(s),                Item,            Customer,  Account Balance($)
                   0,                    ,                    ,            5.000000
          104.448000,               Latte,                   1,            9.000000,
          348.672000,           Green Tea,                   2,           12.500000,
          546.784000,          Cappuccino,                   3,           17.000000,
          789.632000,               Mocha,                   4,           21.000000,
         1118.336000,       Hot Chocolate,                   2,           25.500000,
